{"conv": false, "rewards": [1, -1, 0.3, 0], "gamma": 0, "lr": 0.0001, "batch_size": 256, "eps_decay": 0.005555555555555556, "epsilon": [0.9944444444444445, 0.9888888888888889, 0.9833333333333334, 0.9777777777777779, 0.9722222222222223, 0.9666666666666668, 0.9611111111111112, 0.9555555555555557, 0.9500000000000002, 0.9444444444444446, 0.9388888888888891, 0.9333333333333336, 0.927777777777778, 0.9222222222222225, 0.916666666666667, 0.9111111111111114, 0.9055555555555559, 0.9000000000000004, 0.8944444444444448, 0.8888888888888893, 0.8833333333333337, 0.8777777777777782, 0.8722222222222227, 0.8666666666666671, 0.8611111111111116, 0.8555555555555561, 0.8500000000000005, 0.844444444444445, 0.8388888888888895, 0.8333333333333339, 0.8277777777777784, 0.8222222222222229, 0.8166666666666673, 0.8111111111111118, 0.8055555555555562, 0.8000000000000007, 0.7944444444444452, 0.7888888888888896, 0.7833333333333341, 0.7777777777777786, 0.772222222222223, 0.7666666666666675, 0.761111111111112, 0.7555555555555564, 0.7500000000000009, 0.7444444444444454, 0.7388888888888898, 0.7333333333333343, 0.7277777777777787, 0.7222222222222232, 0.7166666666666677, 0.7111111111111121, 0.7055555555555566, 0.7000000000000011, 0.6944444444444455, 0.68888888888889, 0.6833333333333345, 0.6777777777777789, 0.6722222222222234, 0.6666666666666679, 0.6611111111111123, 0.6555555555555568, 0.6500000000000012, 0.6444444444444457, 0.6388888888888902, 0.6333333333333346, 0.6277777777777791, 0.6222222222222236, 0.616666666666668, 0.6111111111111125, 0.605555555555557, 0.6000000000000014, 0.5944444444444459, 0.5888888888888903, 0.5833333333333348, 0.5777777777777793, 0.5722222222222237, 0.5666666666666682, 0.5611111111111127, 0.5555555555555571, 0.5500000000000016, 0.5444444444444461, 0.5388888888888905, 0.533333333333335, 0.5277777777777795, 0.5222222222222239, 0.5166666666666684, 0.5111111111111128, 0.5055555555555573, 0.5000000000000018, 0.49444444444444624, 0.4888888888888907, 0.48333333333333517, 0.47777777777777963, 0.4722222222222241, 0.46666666666666856, 0.461111111111113, 0.4555555555555575, 0.45000000000000195, 0.4444444444444464, 0.4388888888888909, 0.43333333333333535, 0.4277777777777798, 0.4222222222222243, 0.41666666666666874, 0.4111111111111132, 0.40555555555555767, 0.40000000000000213, 0.3944444444444466, 0.38888888888889106, 0.3833333333333355, 0.37777777777778, 0.37222222222222445, 0.3666666666666689, 0.3611111111111134, 0.35555555555555785, 0.3500000000000023, 0.3444444444444468, 0.33888888888889124, 0.3333333333333357, 0.32777777777778017, 0.32222222222222463, 0.3166666666666691, 0.31111111111111356, 0.305555555555558, 0.3000000000000025, 0.29444444444444695, 0.2888888888888914, 0.2833333333333359, 0.27777777777778034, 0.2722222222222248, 0.26666666666666927, 0.26111111111111374, 0.2555555555555582, 0.25000000000000266, 0.2444444444444471, 0.23888888888889154, 0.23333333333333597, 0.2277777777777804, 0.22222222222222485, 0.21666666666666928, 0.21111111111111372, 0.20555555555555816, 0.2000000000000026, 0.19444444444444703, 0.18888888888889147, 0.1833333333333359, 0.17777777777778034, 0.17222222222222477, 0.1666666666666692, 0.16111111111111365, 0.15555555555555808, 0.15000000000000252, 0.14444444444444696, 0.1388888888888914, 0.13333333333333583, 0.12777777777778027, 0.12222222222222472, 0.11666666666666917, 0.11111111111111362, 0.10555555555555807, 0.10000000000000252, 0.1, 0.1, 0.1, 0.1, 0.1, 0.1, 0.1, 0.1, 0.1, 0.1, 0.1, 0.1, 0.1, 0.1, 0.1, 0.1, 0.1, 0.1, 0.1, 0.1, 0.1, 0.1, 0.1, 0.1, 0.1, 0.1, 0.1, 0.1, 0.1, 0.1, 0.1, 0.1, 0.1, 0.1, 0.1, 0.1, 0.1, 0.1], "avg_wins": [0, 0, 0, 0, 0, 0, 0, 0, 0, 0, 0, 0, 0, 0, 0, 0, 0, 0, 0, 0, 0, 0, 0, 0, 0, 0, 0, 0, 0, 0, 0, 0, 0, 0, 0, 0, 0, 0, 0, 0, 0, 0, 0, 0, 0, 0, 0, 0, 0, 0, 0, 0, 0, 0, 0, 0, 0, 0, 0, 0, 0, 0, 0, 0, 0, 0, 0, 0, 0, 0, 0, 0, 0, 0, 0, 0, 0, 0, 0, 0, 0, 0, 0, 0, 0, 0, 0, 0, 0, 0, 0, 0, 0, 0, 0, 0, 0, 0, 0, 0, 13, 13, 13, 12, 12, 12, 12, 12, 12, 12, 12, 12, 12, 11, 11, 11, 11, 11, 11, 11, 11, 12, 12, 12, 12, 12, 12, 12, 12, 12, 12, 12, 12, 12, 12, 12, 11, 10, 10, 10, 9, 9, 9, 9, 9, 9, 9, 9, 9, 9, 9, 9, 9, 9, 8, 8, 8, 8, 8, 8, 8, 8, 8, 7, 7, 6, 6, 6, 6, 6, 6, 5, 5, 5, 5, 6, 6, 6, 6, 7, 7, 7, 7, 7, 7, 7, 7, 7, 6, 7, 7, 7, 7, 7, 7, 7, 7, 7, 6, 7],