{"conv": true, "rewards": [1, -1, 0.9, 0], "gamma": 0, "lr": 0.0001, "batch_size": 128, "eps_decay": 0.00625, "epsilon": [0.99375, 0.9875, 0.9812500000000001, 0.9750000000000001, 0.9687500000000001, 0.9625000000000001, 0.9562500000000002, 0.9500000000000002, 0.9437500000000002, 0.9375000000000002, 0.9312500000000002, 0.9250000000000003, 0.9187500000000003, 0.9125000000000003, 0.9062500000000003, 0.9000000000000004, 0.8937500000000004, 0.8875000000000004, 0.8812500000000004, 0.8750000000000004, 0.8687500000000005, 0.8625000000000005, 0.8562500000000005, 0.8500000000000005, 0.8437500000000006, 0.8375000000000006, 0.8312500000000006, 0.8250000000000006, 0.8187500000000006, 0.8125000000000007, 0.8062500000000007, 0.8000000000000007, 0.7937500000000007, 0.7875000000000008, 0.7812500000000008, 0.7750000000000008, 0.7687500000000008, 0.7625000000000008, 0.7562500000000009, 0.7500000000000009, 0.7437500000000009, 0.7375000000000009, 0.731250000000001, 0.725000000000001, 0.718750000000001, 0.712500000000001, 0.706250000000001, 0.7000000000000011, 0.6937500000000011, 0.6875000000000011, 0.6812500000000011, 0.6750000000000012, 0.6687500000000012, 0.6625000000000012, 0.6562500000000012, 0.6500000000000012, 0.6437500000000013, 0.6375000000000013, 0.6312500000000013, 0.6250000000000013, 0.6187500000000014, 0.6125000000000014, 0.6062500000000014, 0.6000000000000014, 0.5937500000000014, 0.5875000000000015, 0.5812500000000015, 0.5750000000000015, 0.5687500000000015, 0.5625000000000016, 0.5562500000000016, 0.5500000000000016, 0.5437500000000016, 0.5375000000000016, 0.5312500000000017, 0.5250000000000017, 0.5187500000000017, 0.5125000000000017, 0.5062500000000018, 0.5000000000000018, 0.4937500000000018, 0.4875000000000018, 0.48125000000000184, 0.47500000000000187, 0.4687500000000019, 0.4625000000000019, 0.45625000000000193, 0.45000000000000195, 0.443750000000002, 0.437500000000002, 0.431250000000002, 0.42500000000000204, 0.41875000000000207, 0.4125000000000021, 0.4062500000000021, 0.40000000000000213, 0.39375000000000215, 0.3875000000000022, 0.3812500000000022, 0.3750000000000022, 0.36875000000000224, 0.36250000000000226, 0.3562500000000023, 0.3500000000000023, 0.34375000000000233, 0.33750000000000235, 0.3312500000000024, 0.3250000000000024, 0.3187500000000024, 0.31250000000000244, 0.30625000000000246, 0.3000000000000025, 0.2937500000000025, 0.28750000000000253, 0.28125000000000255, 0.2750000000000026, 0.2687500000000026, 0.2625000000000026, 0.25625000000000264, 0.25000000000000266, 0.24375000000000266, 0.23750000000000265, 0.23125000000000265, 0.22500000000000264, 0.21875000000000264, 0.21250000000000263, 0.20625000000000263, 0.20000000000000262, 0.19375000000000261, 0.1875000000000026, 0.1812500000000026, 0.1750000000000026, 0.1687500000000026, 0.1625000000000026, 0.15625000000000258, 0.15000000000000258, 0.14375000000000257, 0.13750000000000256, 0.13125000000000256, 0.12500000000000255, 0.11875000000000255, 0.11250000000000254, 0.10625000000000254, 0.10000000000000253, 0.1, 0.1, 0.1, 0.1, 0.1, 0.1, 0.1, 0.1, 0.1, 0.1, 0.1, 0.1, 0.1, 0.1, 0.1, 0.1, 0.1, 0.1, 0.1, 0.1, 0.1, 0.1, 0.1, 0.1, 0.1, 0.1, 0.1, 0.1, 0.1, 0.1, 0.1, 0.1, 0.1, 0.1, 0.1, 0.1, 0.1, 0.1, 0.1, 0.1, 0.1, 0.1, 0.1, 0.1, 0.1, 0.1, 0.1, 0.1, 0.1, 0.1, 0.1, 0.1, 0.1, 0.1, 0.1, 0.1], "avg_wins": [0, 0, 0, 0, 0, 0, 0, 0, 0, 0, 0, 0, 0, 0, 0, 0, 0, 0, 0, 0, 0, 0, 0, 0, 0, 0, 0, 0, 0, 0, 0, 0, 0, 0, 0, 0, 0, 0, 0, 0, 0, 0, 0, 0, 0, 0, 0, 0, 0, 0, 0, 0, 0, 0, 0, 0, 0, 0, 0, 0, 0, 0, 0, 0, 0, 0, 0, 0, 0, 0, 0, 0, 0, 0, 0, 0, 0, 0, 0, 0, 0, 0, 0, 0, 0, 0, 0, 0, 0, 0, 0, 0, 0, 0, 0, 0, 0, 0, 0, 0, 11, 11, 10, 10, 10, 10, 10, 10, 9, 9, 9, 8, 8, 8, 8, 8, 9, 9, 9, 9, 9, 9, 9, 9, 9, 9, 9, 8, 8, 9, 9, 9, 9, 9, 9, 9, 9, 9, 9, 9, 9, 9, 9, 9, 9, 9, 9, 9, 9, 9, 9, 8, 8, 8, 8, 9, 9, 9, 9, 9, 9, 9, 9, 9, 8, 8, 8, 8, 8, 8, 9, 9, 9, 9, 9, 8, 7, 7, 7, 7, 7, 6, 6, 6, 5, 5, 5, 5, 5, 5, 5, 5, 5, 5, 5, 5, 5, 5, 6, 6], "running_average": [5.300000000000001, 5.075, 5.18625, 4.8769375, 4.718090625, 4.61218609375, 4.4215767890625, 4.240497949609375, 4.393473052128906, 4.34879939952246, 4.306359429546337, 4.45604145806902, 4.498239385165569, 4.40332741590729, 4.268161045111925, 4.319752992856328, 4.233765343213511, 4.152077076052835, 4.209473222250193, 4.173999561137683, 4.0952995830807986, 3.9755346039267585, 3.9967578737304206, 4.061919980043899, 3.853823981041704, 3.6561327819896188, 3.4683261428901377, 3.659909835745631, 3.606914343958349, 3.5115686267604316, 3.28599019542241, 3.1616906856512896, 3.2236061513687253, 3.147425843800289, 2.985054551610274, 3.0558018240297606, 3.0330117328282724, 2.876361146186859, 2.8175430888775157, 2.7166659344336397, 2.6208326377119575, 2.5297910058263597, 2.6683014555350417, 2.5748863827582897, 2.6661420636203754, 2.527834960439357, 2.486443212417389, 2.3121210517965194, 2.1915149992066936, 2.2119392492463588, 2.141342286784041, 2.3992751724448387, 2.4543114138225963, 2.2815958431314667, 2.1625160509748933, 2.004390248426149, 2.2691707360048414, 2.1507121992045994, 2.218176589244369, 2.23726775978215, 2.1204043717930428, 1.9643841532033905, 2.041164945543221, 2.1141066982660597, 2.3734013633527566, 2.2947312951851186, 2.399994730425863, 2.5449949939045697, 2.4127452442093413, 2.3771079819988743, 2.4332525828989304, 2.4865899537539837, 2.4022604560662844, 2.54714743326297, 2.6397900615998218, 2.8728005585198306, 3.094160530593839, 2.889452504064147, 2.8749798788609398, 2.681230884917893, 2.7221693406719982, 2.9510608736383985, 3.0235078299564786, 2.8223324384586546, 3.046215816535722, 3.1589050257089357, 2.950959774423489, 2.7984117857023145, 2.878491196417199, 2.684566636596339, 2.590338304766522, 2.4558213895281957, 2.553030320051786, 2.690378804049197, 2.640859863846737, 2.7288168706544003, 2.8123760271216804, 2.7117572257655964, 2.5711693644773166, 2.4826108962534508, 2.5334803514407778, 2.5368063338687388, 2.5849660171753017, 2.5407177163165366, 2.4086818305007096, 2.418247738975674, 2.2923353520268903, 2.442718584425546, 2.3155826552042686, 2.2398035224440553, 2.0778133463218524, 2.05892267900576, 2.085976545055472, 2.1116777178026984, 2.181093831912563, 2.2470391403169345, 2.499687183301088, 2.6397028241360334, 2.727717682929232, 2.8113317987827706, 2.620765208843632, 2.4397269484014505, 2.447740600981378, 2.5903535709323093, 2.6358358923856935, 2.454044097766409, 2.3713418928780885, 2.4727747982341843, 2.344136058322475, 2.5919292554063516, 2.412332792636034, 2.556716153004232, 2.4688803453540205, 2.6104363280863194, 2.5649145116820034, 2.4766687860979033, 2.572835346793008, 2.6191935794533574, 2.5282339004806893, 2.531822205456655, 2.5352310951838217, 2.6284695404246308, 2.7170460634033993, 2.756193760233229, 2.6583840722215673, 2.6104648686104888, 2.5199416251799645, 2.523944543920966, 2.4377473167249173, 2.2658599508886716, 2.327566953344238, 2.2961886056770258, 2.2663791753931744, 2.3730602166235157, 2.2494072057923398, 2.501936845502723, 2.741840003227587, 2.5997480030662077, 2.7347606029128975, 2.5480225727672527, 2.41562144412889, 2.2898403719224456, 2.350348353326323, 2.4528309356600073, 2.370189388877007, 2.2916799194331565, 2.2170959234614984, 2.1462411272884236, 2.123929070924002, 2.057732617377802, 2.319845986508912, 2.2438536871834662, 2.351661002824293, 2.499077952683078, 2.414124055048924, 2.3334178522964777, 2.3917469596816536, 2.5371596116975708, 2.5853016311126917, 2.676036549557057, 2.807234722079204, 2.661872985975244, 2.4787793366764816, 2.619840369842658, 2.5738483513505246, 2.4851559337829983, 2.4908981370938483, 2.586353230239156, 2.6770355687271983, 2.583183790290838, 2.4040246007762964, 2.2338233707374817, 2.3421322022006077, 2.220025592090577, 2.0590243124860486, 1.9960730968617462, 1.8912694420186589, 2.061705969917726, 2.32362067142184, 2.2474396378507477],