{"conv": true, "rewards": [1, -1, 0.9, 0], "gamma": 0, "lr": 0.0001, "batch_size": 64, "eps_decay": 0.0043749999999999995, "epsilon": [0.6956249999999999, 0.6912499999999999, 0.6868749999999999, 0.6824999999999999, 0.6781249999999999, 0.6737499999999998, 0.6693749999999998, 0.6649999999999998, 0.6606249999999998, 0.6562499999999998, 0.6518749999999998, 0.6474999999999997, 0.6431249999999997, 0.6387499999999997, 0.6343749999999997, 0.6299999999999997, 0.6256249999999997, 0.6212499999999996, 0.6168749999999996, 0.6124999999999996, 0.6081249999999996, 0.6037499999999996, 0.5993749999999995, 0.5949999999999995, 0.5906249999999995, 0.5862499999999995, 0.5818749999999995, 0.5774999999999995, 0.5731249999999994, 0.5687499999999994, 0.5643749999999994, 0.5599999999999994, 0.5556249999999994, 0.5512499999999994, 0.5468749999999993, 0.5424999999999993, 0.5381249999999993, 0.5337499999999993, 0.5293749999999993, 0.5249999999999992, 0.5206249999999992, 0.5162499999999992, 0.5118749999999992, 0.5074999999999992, 0.5031249999999992, 0.49874999999999914, 0.4943749999999991, 0.4899999999999991, 0.4856249999999991, 0.48124999999999907, 0.47687499999999905, 0.47249999999999903, 0.468124999999999, 0.463749999999999, 0.459374999999999, 0.45499999999999896, 0.45062499999999894, 0.4462499999999989, 0.4418749999999989, 0.4374999999999989, 0.43312499999999887, 0.42874999999999885, 0.42437499999999884, 0.4199999999999988, 0.4156249999999988, 0.4112499999999988, 0.40687499999999877, 0.40249999999999875, 0.39812499999999873, 0.3937499999999987, 0.3893749999999987, 0.3849999999999987, 0.38062499999999866, 0.37624999999999864, 0.3718749999999986, 0.3674999999999986, 0.3631249999999986, 0.35874999999999857, 0.35437499999999855, 0.34999999999999853, 0.3456249999999985, 0.3412499999999985, 0.3368749999999985, 0.33249999999999846, 0.32812499999999845, 0.32374999999999843, 0.3193749999999984, 0.3149999999999984, 0.3106249999999984, 0.30624999999999836, 0.30187499999999834, 0.2974999999999983, 0.2931249999999983, 0.2887499999999983, 0.28437499999999827, 0.27999999999999825, 0.27562499999999823, 0.2712499999999982, 0.2668749999999982, 0.2624999999999982, 0.25812499999999816, 0.25374999999999814, 0.24937499999999815, 0.24499999999999816, 0.24062499999999817, 0.23624999999999818, 0.2318749999999982, 0.2274999999999982, 0.2231249999999982, 0.21874999999999822, 0.21437499999999823, 0.20999999999999824, 0.20562499999999825, 0.20124999999999826, 0.19687499999999827, 0.19249999999999828, 0.1881249999999983, 0.1837499999999983, 0.1793749999999983, 0.17499999999999832, 0.17062499999999833, 0.16624999999999834, 0.16187499999999835, 0.15749999999999836, 0.15312499999999837, 0.14874999999999838, 0.1443749999999984, 0.1399999999999984, 0.1356249999999984, 0.13124999999999842, 0.12687499999999843, 0.12249999999999843, 0.11812499999999843, 0.11374999999999842, 0.10937499999999842, 0.10499999999999841, 0.10062499999999841, 0.0962499999999984, 0.0918749999999984, 0.0874999999999984, 0.0831249999999984, 0.07874999999999839, 0.07437499999999839, 0.06999999999999838, 0.06562499999999838, 0.06124999999999838, 0.056874999999998385, 0.05249999999999839, 0.04812499999999839, 0.043749999999998394, 0.0393749999999984, 0.0349999999999984, 0.0306249999999984, 0.0262499999999984, 0.0218749999999984, 0.0174999999999984, 0.013124999999998398, 0.008749999999998398, 0.004374999999998398, 0, 0, 0, 0, 0, 0, 0, 0, 0, 0, 0, 0, 0, 0, 0, 0, 0, 0, 0, 0, 0, 0, 0, 0, 0, 0, 0, 0, 0, 0, 0, 0, 0, 0, 0, 0, 0, 0, 0, 0, 0, 0.995625, 0.99125, 0.986875, 0.9824999999999999, 0.9781249999999999, 0.9737499999999999, 0.9693749999999999, 0.9649999999999999, 0.9606249999999998, 0.9562499999999998, 0.9518749999999998, 0.9474999999999998, 0.9431249999999998, 0.9387499999999998, 0.9343749999999997, 0.9299999999999997, 0.9256249999999997, 0.9212499999999997, 0.9168749999999997, 0.9124999999999996, 0.9081249999999996, 0.9037499999999996, 0.8993749999999996, 0.8949999999999996, 0.8906249999999996, 0.8862499999999995, 0.8818749999999995, 0.8774999999999995, 0.8731249999999995, 0.8687499999999995, 0.8643749999999994, 0.8599999999999994, 0.8556249999999994, 0.8512499999999994, 0.8468749999999994, 0.8424999999999994, 0.8381249999999993, 0.8337499999999993, 0.8293749999999993, 0.8249999999999993, 0.8206249999999993, 0.8162499999999993, 0.8118749999999992, 0.8074999999999992, 0.8031249999999992, 0.7987499999999992, 0.7943749999999992, 0.7899999999999991, 0.7856249999999991, 0.7812499999999991, 0.7768749999999991, 0.7724999999999991, 0.7681249999999991, 0.763749999999999, 0.759374999999999, 0.754999999999999, 0.750624999999999, 0.746249999999999, 0.741874999999999, 0.7374999999999989, 0.7331249999999989, 0.7287499999999989, 0.7243749999999989, 0.7199999999999989, 0.7156249999999988, 0.7112499999999988, 0.7068749999999988, 0.7024999999999988, 0.6981249999999988, 0.6937499999999988, 0.6893749999999987, 0.6849999999999987, 0.6806249999999987, 0.6762499999999987, 0.6718749999999987, 0.6674999999999986, 0.6631249999999986, 0.6587499999999986, 0.6543749999999986, 0.6499999999999986, 0.6456249999999986, 0.6412499999999985, 0.6368749999999985, 0.6324999999999985, 0.6281249999999985, 0.6237499999999985, 0.6193749999999985, 0.6149999999999984, 0.6106249999999984, 0.6062499999999984, 0.6018749999999984, 0.5974999999999984, 0.5931249999999983, 0.5887499999999983, 0.5843749999999983, 0.5799999999999983, 0.5756249999999983, 0.5712499999999983, 0.5668749999999982, 0.5624999999999982, 0.5581249999999982, 0.5537499999999982, 0.5493749999999982, 0.5449999999999982, 0.5406249999999981, 0.5362499999999981, 0.5318749999999981, 0.5274999999999981, 0.5231249999999981, 0.518749999999998, 0.514374999999998, 0.509999999999998, 0.505624999999998, 0.501249999999998, 0.49687499999999796, 0.49249999999999794, 0.4881249999999979, 0.4837499999999979, 0.4793749999999979, 0.47499999999999787, 0.47062499999999785, 0.46624999999999783, 0.4618749999999978, 0.4574999999999978, 0.4531249999999978, 0.44874999999999776, 0.44437499999999774, 0.4399999999999977, 0.4356249999999977, 0.4312499999999977, 0.4268749999999977, 0.42249999999999766, 0.41812499999999764, 0.4137499999999976, 0.4093749999999976, 0.4049999999999976, 0.40062499999999757, 0.39624999999999755, 0.39187499999999753, 0.3874999999999975, 0.3831249999999975, 0.3787499999999975, 0.37437499999999746, 0.36999999999999744, 0.3656249999999974, 0.3612499999999974, 0.3568749999999974, 0.35249999999999737, 0.34812499999999735, 0.34374999999999734, 0.3393749999999973, 0.3349999999999973, 0.3306249999999973, 0.32624999999999726, 0.32187499999999725, 0.31749999999999723, 0.3131249999999972, 0.3087499999999972, 0.3043749999999972, 0.29999999999999716, 0.29562499999999714, 0.2912499999999971, 0.2868749999999971, 0.2824999999999971, 0.27812499999999707, 0.27374999999999705, 0.26937499999999703, 0.264999999999997, 0.260624999999997, 0.256249999999997, 0.25187499999999696, 0.24749999999999697, 0.24312499999999698, 0.238749999999997, 0.234374999999997, 0.229999999999997, 0.22562499999999702, 0.22124999999999703, 0.21687499999999704, 0.21249999999999705, 0.20812499999999706, 0.20374999999999707, 0.19937499999999708, 0.1949999999999971, 0.1906249999999971, 0.1862499999999971, 0.18187499999999712, 0.17749999999999713, 0.17312499999999714, 0.16874999999999715, 0.16437499999999716, 0.15999999999999717, 0.15562499999999718, 0.1512499999999972, 0.1468749999999972, 0.1424999999999972, 0.13812499999999722, 0.13374999999999723, 0.12937499999999724, 0.12499999999999724],